,log_revenue
3899,9.259987311865595
2147,17.33293860060213
3352,15.816990693309524
1022,14.103036368207752
785,19.33812490636968
1841,17.423551959034715
1945,12.746482313937562
2013,16.867095142777465
1350,17.584086890729015
1980,17.978795081384714
3250,16.68340951682656
2601,15.899698567323068
2791,15.872283216057143
1666,15.519704314769015
2265,18.619279251187436
3503,16.118095750958314
368,18.956459923820983
210,19.62644818894696
2758,15.46012988270292
2724,16.80270438249071
2103,18.122780833403876
1217,16.54987813231892
3083,17.761970013037892
1090,17.25219090687176
2137,15.480252610579477
1306,18.000072383382445
1361,18.768455473222875
3109,15.891567377930862
3681,14.822007923221587
76,20.65494331001405
1539,17.723118410935506
3682,17.761970013037892
3326,17.19588088778656
2454,16.692952304609978
1826,17.761970013037892
1326,17.76058532609971
976,17.9031661488141
1677,18.16549179224735
914,18.63170807745271
422,19.319721970858033
64,20.387466576026245
3599,17.761970013037892
2853,15.466280222969914
260,20.309174803787407
3133,17.761970013037892
195,19.149600034602248
350,19.708914198986903
3186,17.761970013037892
1794,18.686357738342902
990,17.64894890890919
3531,14.931307999040428
2259,17.744924382655586
2903,17.761970013037892
3583,17.761970013037892
2492,16.961295640817006
1908,18.019849652186014
1358,16.38512930453304
2996,12.144872545658002
2606,17.176392101709528
3208,16.06496698910333
3620,11.873755763452438
2163,15.87876212136611
2718,17.312028361802543
3524,12.142467022441204
69,20.09190025758523
185,20.013722061929226
2315,17.548862893991245
3541,14.02034756229584
3178,16.159666580956372
3778,17.761970013037892
54,19.31703980116409
2972,17.914035901859997
2842,17.761970013037892
410,19.764932222342033
3371,17.761970013037892
618,18.86181129760479
2234,18.72580973737815
290,20.4590664877404
1605,17.54426993098455
2496,16.977587857166185
2967,17.21724666115659
454,18.7922443072814
1850,17.900118102247056
846,19.60005506305781
857,18.914625581603826
2876,15.60786784846158
1778,18.213321549153616
1887,17.419210864621338
417,17.34968065538676
1978,18.375777474012875
525,18.652343979470302
1206,18.729270972084446
2611,17.761970013037892
1048,19.520626919264668
1072,15.76142084987672
1685,19.550331354719273
3751,17.761970013037892
3468,17.761970013037892
234,19.413777797586818
2775,16.446377509243835
1570,18.471351386532508
3613,16.243936534782325
2093,14.691608680547064
2352,17.11533800654742
2771,17.901827971998
98,17.666551398915225
735,18.689076000754262
1351,19.355600210458668
162,19.78146746368613
2556,16.18452382308035
3510,17.761970013037892
3905,17.761970013037892
63,19.606423974684137
573,19.382222986339787
275,19.80713200276317
2746,17.200119949842012
2177,19.189231549802027
2735,17.761970013037892
1097,16.767942821335026
105,20.69359177064222
2703,17.761970013037892
2348,17.716875062846277
3871,17.761970013037892
1268,18.080365434176297
2871,17.058298827756545
3275,17.761970013037892
2971,17.437258211295774
3571,16.964452726088677
1318,17.761970013037892
1298,19.909396318711146
319,18.376817232873147
2045,17.11478155761295
1694,17.38685777621893
3287,15.211901031389909
316,19.3695161421495
2627,17.761970013037892
3213,17.761970013037892
111,20.680775786368866
336,19.264905735051823
1556,17.912213736462856
793,18.116361260816948
1622,19.05830630333727
3553,16.648723960844016
75,20.96559928670034
3394,16.333207111220425
390,18.204683782323396
3229,17.610119607117863
3702,17.761970013037892
2120,17.981211720308828
756,18.785718737898097
651,19.44114546664207
2214,15.319588176962746
1094,18.42978364653267
2196,17.07958083302083
331,18.777314073025213
3638,17.761970013037892
2907,15.713237308730502
3057,17.539372622532557
3449,13.34199195844208
3480,13.569741724408969
1852,17.709060604095804
431,19.533591175254703
1949,17.87595358575207
3487,11.54960448922872
629,18.85263286675618
387,18.1323625492177
814,17.552108125616183
1621,16.731641080775596
1272,14.985007438798062
2815,17.241372681909727
3438,16.354850230530072
1904,17.281410478562346
3607,15.45730045544891
1070,19.07041104013391
3270,1.791759469228055
3669,17.761970013037892
2520,15.202085379751397
3752,17.761970013037892
787,17.281802681044816
1486,16.38114652580879
507,19.00501442081376
213,20.16291050136303
2847,15.158411391839309
2622,17.761970013037892
2407,15.434640153943825
2507,17.227686322710852
1547,18.600694297688488
2054,17.574072778865997
2709,15.76142084987672
3362,17.761970013037892
1878,17.505186694642365
2869,17.509942816683534
2090,16.6386465901644
108,19.970841767220247
3183,14.718288400603337
283,19.03037959595625
2508,17.742468243790547
527,18.425898925530607
3704,15.628091416420054
3713,14.151983508870948
3110,9.76841211133904
2294,17.62015962215299
178,19.903656022259423
2754,17.373091610187423
3004,16.300417291085605
1050,17.32392953240539
907,18.443971222792964
1374,17.10323027255553
1831,17.705348361618505
3606,11.1490532541604
1159,17.9602313433593
308,19.654615619681344
3099,17.761970013037892
1078,18.965115028105572
443,17.60760074109976
1592,17.155396880182252
2858,16.440306388409113
2597,17.761970013037892
186,20.426959492809576
1897,19.089883823841983
1793,17.866764373437423
1109,19.434645056960065
430,19.238243184930703
1276,19.54163078690228
1510,18.8664366078985
1204,18.764765793723765
1965,18.797700402545097
1087,16.223444006542213
511,18.395803382546983
3496,17.761970013037892
3224,17.41583187583665
3356,16.860033043306743
764,18.60446199321006
529,19.310216742626164
2481,17.971787905591434
1928,17.216681739283203
3530,16.16147281026287
604,19.725957569074613
1770,18.992789601778597
493,16.09381371652813
1764,15.114357992711216
545,15.175863839983704
3716,16.811242881518265
1763,19.479677577300087
2513,17.78523655669983
631,18.504640588081223
3831,17.761970013037892
1903,17.92432683133892
919,17.61557345156137
666,19.554240336084877
3019,17.774885245823864
2334,17.607677786090477
3101,16.644608740463617
2101,19.29450734624021
1925,16.7328683940079
3565,17.911064338786787
727,16.9534849999362
1543,18.040436425997413
2067,16.893871899369287
3519,15.86963441986494
1368,18.888283543511516
3568,16.481013805437104
866,17.95885608753208
500,18.471382451386855
3010,16.71276209580932
551,19.854934957962
3308,16.862366176465226
3622,15.087133973348548
153,20.35900991702936
44,20.09393911477868
2808,16.131011974941543
3779,14.856785710940285
809,17.26001963227459
82,19.814869221880382
3253,16.213405921671733
970,17.761970013037892
1385,18.236285859298867
244,16.98834780557324
271,17.826442460040603
475,19.31649022767929
1630,15.76142084987672
3228,16.462395316032616
1165,18.233943287409083
3312,17.761970013037892
1124,17.761970013037892
1457,18.1424926209999
897,18.923485208057233
806,18.9688021582424
2564,17.761970013037892
2447,12.053859254613032
539,17.384637791975155
2854,15.537689304383212
3838,9.112727543109182
1262,18.497641794347754
1089,19.138519010272248
449,16.522226936587312
541,18.66651983210116
2216,17.555408810045066
1799,19.051335351661123
1817,17.690229477934274
326,18.50029033015003
1397,18.80047856079185
3766,17.761970013037892
3593,17.761970013037892
2984,17.761016384746128
3108,15.429892826897351
1380,18.263054601696076
2830,17.80407323798836
3123,15.566780963355614
1058,15.955576839107596
3729,13.556091950785351
3855,13.910821646859096
2432,13.168315231666112
871,18.260132107446047
1981,16.775312239974124
1395,17.03127105523471
2911,16.213405921671733
3188,13.343150554648505
3786,10.714439990727769
1265,17.761970013037892
3761,17.761970013037892
1249,19.063650396899124
1093,18.624140147351437
2620,15.72344317508193
899,19.520019498680096
3866,17.761970013037892
3404,16.735181753294004
406,18.615122116498355
564,18.846491488763156
949,19.31931185457173
2777,17.54920437846555
510,19.51719110845815
1030,18.769749594764303
338,18.30783257677803
1074,18.54295926862797
2387,17.72889885096305
3546,17.255271930774757
1235,18.32030786930806
2947,16.511646532365
2779,18.143366644502063
3163,17.761970013037892
3579,17.761970013037892
801,18.93831593191957
3064,16.660473777543814
927,17.816902986338455
2069,17.816788263915836
868,18.668381429411863
2531,16.06466523244168
1047,17.69855781174384
3059,14.939407479066372
1632,19.65235266898551
2576,17.801349218539976
464,19.206485753578583
112,18.978010028401325
1733,18.461398835474892
1143,19.02659724347731
323,19.208461389032852
1226,19.36174715618618
3013,15.201805169084134
1231,18.07832190523624
760,19.084237931934354
3176,17.761970013037892
2740,14.648420115681892
1647,17.02652072952832
996,17.72753358339242
2975,14.998337148786192
600,18.91904199314391
401,19.70920868392545
2536,16.454567959008102
2477,13.082197417646205
1330,17.917729717336087
2011,15.86963441986494
2651,16.70509834196653
1926,18.477387649766793
3091,15.88237344401952
2212,17.354058106442366
1579,18.842202655516655
293,18.88273927558276
174,18.17292203517306
245,19.99877831029767
442,19.839215190527025
233,19.60409698754572
1985,16.74702090026083
3007,16.300417291085605
1202,19.35337582964417
2263,17.36140611352227
3295,13.956429222382813
961,18.670569987139285
1138,18.621169612885076
3501,17.761970013037892
2450,18.339680113450555
1720,18.624803101931334
3695,17.761970013037892
1842,18.72933699246312
2759,17.909855136853043
1178,19.04855182476383
2887,17.761970013037892
3217,17.761970013037892
2256,17.461159598811122
778,18.53707182462208
3125,17.136008419076312
2648,16.73965472030809
1811,15.83887488051422
1879,18.64314280710626
3493,15.228713610941377
2860,13.083231620294342
2363,16.425353266100995
2366,18.004821240809125
1302,18.760509818654416
3796,16.451721268372246
1477,18.380354813871797
1808,18.000697348696555
580,18.788740451829273
2725,18.078190449090098
27,20.261487314180027
1824,18.253464706175503
1123,17.034386422832473
1126,18.71634922249418
1839,18.459434636623456
3314,16.533920313107114
1075,19.09227674208423
2322,15.407135965494298
134,16.38751199098573
3139,16.742066318170178
3077,17.137957582619023
3074,17.761970013037892
227,19.7984387765714
1169,18.389086862040205
2316,17.24910078043668
1886,18.04536155695986
327,19.732663656064677
2229,17.97839366181448
1027,19.37313840785606
601,18.858832676030932
1779,18.227904781801033
2500,15.91469455356128
2479,18.66609141262259
1254,17.87210318252075
2504,15.763036258456172
2157,16.339860332067794
1114,16.15821768856588
3791,15.495034264427844
2776,15.21780030803739
1172,17.52489192912803
156,19.171237534299916
3658,17.761970013037892
3657,15.76142084987672
204,20.198670742638633
2677,16.858443399615698
3469,17.761970013037892
1958,18.57488496234641
2071,18.95343956491421
1953,16.326300330915824
1654,14.865182221144217
2650,17.198235706962723
3721,3.951243718581427
3474,17.761970013037892
1063,18.852449004433552
2688,18.40497764310301
1106,17.23823753889999
218,20.34102417492696
385,18.413847329265177
486,20.218919767123623
1664,19.021110848207137
1004,18.14615260460978
3723,17.761970013037892
3708,17.761970013037892
1024,16.574580119270827
87,20.461451096263065
1328,18.95874910743223
1572,16.23975241846247
2336,17.312018149733785
851,19.014015760467434
3142,15.725778577377165
606,19.22565820652359
2331,17.463922303749523
2266,16.828628569901763
972,18.414231381451465
3233,18.02292764173386
754,19.339567451364378
3389,14.338124426544764
2732,17.944464190400666
1,20.727813923702396
2678,13.985914717163867
2938,16.55190056620812
1077,19.56857961323741
1768,18.42298641385148
1968,17.583947101858463
2437,17.485908170160883
1667,17.67079274234846
2405,11.26954094030024
1408,18.193780156307493
1716,18.621136224439255
2004,15.607270193858982
4,20.478787534733844
1911,17.82613160497795
1427,19.017728932677564
753,18.40899141922545
3106,16.815235898603987
535,18.038880896499
3237,17.761970013037892
238,18.46373591348011
1028,16.489659276356317
2937,18.197019558688815
1759,18.36652577994392
3136,17.422368944574078
833,18.88540450921501
2395,12.67384253182868
3800,17.761970013037892
2115,17.960273592862308
2253,18.32852619988812
2345,17.642340967780378
2790,16.221335218996053
898,17.7749104627067
2737,17.56847804113446
391,19.43120231335048
377,20.08284174692816
2057,17.761970013037892
945,19.334119837768803
2098,18.255484622206644
3735,17.761970013037892
2132,17.384622236252458
906,18.16665026482817
3763,15.898317928880395
549,18.88926803316192
2990,17.327856750733133
2890,14.69323549817724
3030,14.978661680269909
804,19.00437685950899
1199,17.857373505991344
1783,17.51564256398031
2194,15.818640142807183
1053,17.761970013037892
2635,16.28646169769967
966,18.346210904794216
3093,17.761970013037892
1569,17.93777666051572
2851,17.761970013037892
1582,17.168045532295746
1264,16.705147712772316
1687,17.87408637811931
1073,19.42466153612519
45,20.312052517984124
465,18.63798427549918
515,19.838473774554107
201,19.166513406357023
2273,17.418016649695787
1370,18.359457382927378
3829,17.761970013037892
473,19.08627517475134
680,20.062862555574338
3699,15.397577479152067
774,16.781930491902312
339,17.218020178264577
109,19.391907295755736
1830,18.90892281210294
470,18.57935030111376
3381,14.66402467840726
2198,17.761970013037892
340,18.24663465482481
2748,15.90850496821227
536,19.479801832755623
1535,18.88648984470036
3507,17.761970013037892
3420,15.740116956458577
752,19.707739518680587
2173,18.554171340744748
74,19.668631759263015
3458,15.485206907530324
602,17.772266269103728
2288,17.761970013037892
1857,17.761970013037892
2784,16.554981968345718
2188,17.761970013037892
3231,17.118273531164952
1274,18.5436633583398
2143,17.040280458590782
1773,17.761970013037892
1712,18.5271200555006
1758,16.73611300668165
3284,17.761970013037892
2182,18.437012472288835
2927,17.761970013037892
962,18.827252752553417
3625,17.761970013037892
2511,17.284397771414664
860,13.12599477588836
3332,16.18130507048152
70,20.65948728189478
2235,18.01971033951271
3184,10.746971004451137
2826,17.761970013037892
3046,14.845668758547014
896,18.3200468844789
292,19.516851751784547
1421,18.18981849246888
3557,17.761970013037892
888,17.956771959349123
3495,15.493699606002895
1847,19.19026900641899
2672,17.761970013037892
951,19.572392877712208
1894,15.3016504802982
2095,16.18540012457009
3828,17.11134746100564
2895,16.698790394193843
175,16.500702010585623
3164,17.761970013037892
952,18.223292118822364
1492,16.30100628421266
964,18.8426774097469
344,19.63731323126261
3834,17.761970013037892
1365,17.849840855813934
722,19.33777115999389
1216,17.89673256146788
72,19.94159434202951
929,18.642872346306905
3052,17.157794032868882
1381,18.95105488626105
3365,16.59922219064373
2654,16.647552569219172
3563,17.761970013037892
2185,17.84637855941368
3146,14.420563411719694
3802,10.043292972227004
2382,16.48273883399067
2154,18.099477681884736
2944,17.670562517880285
1443,18.550976062382347
1727,18.856667866639494
1409,16.79618832901553
3801,11.18310108232048
2629,16.509883449648857
2569,18.172226910266573
1391,16.698580668036232
2632,17.761970013037892
2104,18.586731521625204
15,20.585575367339324
1709,16.948588945083998
35,21.063590425863644
2548,17.358402708540517
414,18.33414010705632
452,19.476754965795617
1060,18.760466520446062
3513,15.373655386537118
2649,17.761970013037892
2261,16.486896843851184
135,20.01982336123996
1003,19.21219351361422
2553,17.43497452451595
2443,15.76466244689842
2963,16.578276759307847
3384,16.240459290722136
3065,17.761970013037892
3517,16.665776615666065
124,20.1945995779185
2926,17.761970013037892
954,15.526675472834972
2129,17.90821901583061
569,19.19170286735747
3793,17.761970013037892
299,19.983446250283592
1900,17.690245089462
2697,11.92024219110853
2487,15.525836700278123
3297,17.761970013037892
733,18.584767316056137
254,19.96928703327174
1848,17.48043184346782
3894,13.24563001725029
2834,17.34059406165384
1705,18.862447436906677
349,18.652120371465983
2018,11.610034026715931
2690,16.926414638660763
3339,16.99266410818165
974,18.53232456424256
1482,17.646716012271884
1800,17.934373180958097
361,16.328569924831857
3710,16.154648577963272
3771,3.258096538021482
3691,16.455385767310418
2655,15.76142084987672
2260,17.607644168417995
3296,17.761970013037892
71,18.583640183911157
1614,17.571505545802186
3129,17.761970013037892
1356,18.69419555551126
3002,17.18317935287344
2268,17.761970013037892
1641,16.065731256832404
2707,17.21362606218365
3246,17.18977806372784
3292,15.673980562797748
1147,19.36855631746733
3484,17.01977901278636
893,18.339263628045728
3619,19.08170320196109
1532,18.070313592566237
3459,17.761970013037892
960,17.00440417496742
362,19.71062625103256
2389,17.698072352588678
106,20.78808841523593
1441,18.084998810958957
2341,16.42705543869944
2681,17.335118185952478
120,18.70217649048812
981,17.288974088092335
2668,13.357503481462716
1470,18.100884087763472
2166,18.17221939747438
3497,16.300417291085605
1609,17.761970013037892
523,19.615947901863972
1108,18.55045852307596
435,18.627036615405338
2756,17.234924211286376
719,19.004088027793053
60,20.591662279709663
1039,19.274252720843023
560,19.29681282790992
1295,19.14194792032347
853,16.081859479625994
1422,16.687441207942623
2180,17.761970013037892
3816,17.761970013037892
3799,17.761970013037892
2884,16.118095750958314
1475,15.203751273706514
171,19.542901594425427
1704,16.494065210824363
1289,17.761970013037892
854,18.239800627783534
3360,17.761970013037892
2930,17.761970013037892
125,20.381682957006444
1348,17.599700214609808
3299,14.266534583636872
2311,14.394796751569828
1248,16.08104673773934
2849,16.770677574871353
1651,16.388122864507256
1211,18.994548956131297
291,18.80820383914737
747,19.030098836731216
1765,18.079174246678793
3349,11.7004086774697
3434,16.648723960844016
1049,20.232078482199277
697,17.922787501952875
1856,15.842010869208156
597,18.893106836662746
1166,17.761970013037892
2117,16.68489897512974
2825,16.419815974449012
2608,17.14413728263389
909,18.03036022542524
1259,16.990932135305314
114,20.68348496797515
1860,17.619105859830366
3182,17.761970013037892
3464,17.761970013037892
3719,17.761970013037892
3424,17.181857972830034
1745,18.259711565910393
3836,17.761970013037892
2436,13.525765024707482
1562,18.31956906695994
1099,18.836054307449473
2518,18.593625281935054
1424,19.516918903271023
1801,17.761970013037892
474,20.3163380826927
2720,17.720061315553693
3,21.14168528147379
1755,17.035823389843156
1152,17.365369409842533
3158,16.631090819559013
3637,17.761970013037892
2,21.74857780752812
3200,17.030846966481878
1496,17.703546356944624
197,18.974166909793784
1681,12.253418910636032
2704,12.940664026999826
2941,17.85333594904609
2901,16.88686918606008
2439,15.976510773045344
2118,16.821757112232703
1131,18.007012486829534
1816,16.48091947174733
1757,18.579599512641263
2029,17.381861098160996
2899,17.761970013037892
3712,15.412863743341358
700,18.811238223485976
538,17.599700214609808
3598,17.761970013037892
3277,17.761970013037892
136,20.069339371462824
3232,16.31961744776731
469,18.60069845726911
3175,17.761970013037892
3187,16.59581022431326
3764,17.761970013037892
1683,17.80282194715758
181,19.181646490105244
3645,16.906553056777135
3090,14.074935892620566
3303,12.939639339625767
404,19.096085876064585
3033,14.880213019060388
2319,15.843658936835498
1130,16.352321407166013
446,18.50486423289969
627,19.538689469589396
3218,17.761970013037892
1813,18.595595924461698
3102,17.303709669347302
1091,17.92212664936252
3756,4.844187086458591
3883,17.761970013037892
3269,17.761970013037892
249,19.201566768500314
1844,17.22675968447894
771,17.761970013037892
3602,17.761970013037892
1229,18.925178102418712
3148,15.607270193858982
2493,17.761970013037892
1267,16.959604774606145
1444,17.852959618840732
101,19.48106453319364
1658,14.94669167729647
3888,2.0794415416798357
2686,16.778284111099545
1560,18.277486345935618
1293,17.761970013037892
2610,17.286512912380974
2743,17.27358414883558
1450,18.42154830751025
3631,15.247478804124237
3509,17.761970013037892
2683,16.118095750958314
2694,16.716690969118606
2140,19.04599632848393
3426,17.761970013037892
1454,16.95455182349457
1345,17.17068410563497
2155,18.762904608205908
3358,18.320952525974185
1912,14.493134879938932
3203,16.43157455539407
463,19.08219537429099
1933,18.2000090600551
1460,16.075619372197448
243,18.91361980260207
3201,17.761970013037892
2434,16.723348446610046
2721,17.201536499807467
2162,17.709597733744726
2563,17.1349732346658
3251,17.761970013037892
2917,16.781113827242436
1533,18.560066093686284
2512,17.761970013037892
2031,18.343811049444007
3023,15.37942083837841
1239,18.058615785664124
1518,18.901734575456047
3316,15.579843159096663
3095,16.80649960016107
2078,17.761970013037892
917,17.761970013037892
3226,17.129696599000436
1447,16.552265410217057
3572,11.207853053314365
479,19.671797452390663
1221,19.04361404361095
3448,14.08605206668242
2933,15.607270193858982
3104,14.313102602912409
717,19.73503557054199
1224,16.2788932197645
1640,17.997015895737707
342,19.982365773654585
138,21.132888530970785
1461,16.442459446824355
3897,17.761970013037892
1017,17.196505266322514
411,13.815511557963774
2156,15.738599267692097
2829,16.444084629746005
1031,17.050474118455163
2213,17.761970013037892
214,16.96574640621366
353,20.125428838008972
1827,16.428831896930966
3608,16.52356082573315
1807,18.47117005423129
2168,17.134872526015407
311,20.53573071430584
698,16.998879239435702
715,18.570069038747533
1889,17.50444283568302
129,19.99523769973303
2960,17.761970013037892
1962,18.093158583641053
1835,16.67116612210916
3340,15.947799142588968
2246,16.329078034118602
769,18.420680753952364
297,18.577519205598588
1528,16.648723960844016
1513,17.28817763458548
380,18.563485244354386
608,19.845441249956647
1088,19.125227219960564
1459,17.690676718100704
2961,14.976503729241156
575,17.35478364951615
1167,17.50688691721445
3079,17.761970013037892
991,19.623686287632513
2600,17.118952542713956
882,16.36712634015779
1944,17.056653617545955
2665,17.928693737222304
1242,17.456304881813956
1246,17.156889319986288
347,19.18860696644833
2386,17.70055094473853
3653,14.86292217953374
3144,16.151286490137696
2730,17.49025749179969
2037,18.414899283471048
3603,14.37218430806172
3330,16.39544295316958
3202,17.761970013037892
1387,18.59882693770404
676,17.791490321588743
1884,16.046020534230088
3294,15.943117306663735
1322,18.904605541267387
1045,18.877394224105753
2398,17.754698473432903
1372,16.728398686815083
1342,19.13653816862999
650,19.01400759475496
1405,18.44288021221522
1947,17.59934174128316
146,19.844850379875297
848,17.233998492736045
2144,16.710879918127944
2943,17.11161198156275
1186,17.451265199379225
458,19.40661629634851
921,18.879135370712635
1643,17.335621062419666
1468,17.57671069691365
3633,15.409259438654589
2954,15.42527961556376
2934,18.08695746947013
578,18.567139637692993
2733,17.761970013037892
590,19.18576901639005
1969,15.737339643109484
876,15.22776209762753
2055,16.784936843136823
3155,16.422339000259946
2099,18.02188333226833
948,18.355608757881008
3116,16.38104066983224
2582,17.761970013037892
481,16.50159302561862
2891,17.761970013037892
3115,17.761970013037892
2538,18.05662852615115
3453,11.5858041103828
3043,17.148017272471147
3138,17.6441519761925
2304,17.51094401261859
1189,18.253516110451628
603,19.13008327254813
333,20.255080834595837
922,18.837209589249397
2983,17.761970013037892
3400,17.761970013037892
1051,16.1512777839144
1191,17.54833672756902
967,18.911734995933717
1538,18.676731512488896
1618,19.09011294925379
3465,17.761970013037892
3618,17.761970013037892
2803,15.741378773949208
2272,16.598938943206903
1107,18.733348195890205
795,19.115206978180534
9,19.752672922728568
1055,18.15192153937288
1890,18.82885196722581
2250,18.43650608014503
821,19.25987098624791
709,18.464491072152494
1476,18.46895426039663
2988,17.761970013037892
772,18.665434988985872
524,19.69277172292949
2844,15.770079822717811
3743,17.761970013037892
867,12.726273187106244
3561,14.947735234281955
2417,17.220126024645715
794,19.679692817483183
3347,15.684569899807476
887,15.740432268355502
643,19.09760297907329
706,18.23774656354288
1957,18.32679060241628
3898,17.761970013037892
3321,17.44545207170206
272,20.168977307438567
1067,18.55307851552127
999,19.330488997894644
2423,16.706786962100164
3245,16.50352395635338
2200,18.996403593888584
2541,17.84726990787617
533,19.05233888231721
2885,17.6559558827341
576,18.168525905482863
2205,16.860470090623977
97,20.114339922634635
3443,10.879687356164176
3445,11.593112777572584
3650,17.761970013037892
2145,17.772391874615497
1133,17.840308541860654
1432,18.38266535929875
1747,17.835623766062437
3594,2.4849066497880004
248,18.04525977174862
14,20.18742017795144
1645,15.77614590010904
2424,16.479158055898278
2528,17.761970013037892
503,18.908948838963468
2126,18.967964032551535
3730,15.367398168015434
1869,17.025122283268747
3289,17.761970013037892
152,20.29774330994545
566,19.728701763646637
2939,16.5120333733157
1366,17.340865989408183
276,19.750168072137864
2796,17.364931402443023
1521,15.851511967248332
460,19.589711759536705
894,18.064005814299342
3885,17.761970013037892
667,18.871594299225492
163,19.43200924034735
2659,17.981333706389798
870,18.318199822724445
2652,13.39783217046521
2383,17.761970013037892
3291,16.281273633233095
3143,15.503670552583664
1656,18.70510753120793
3812,17.761970013037892
2685,16.231694567606688
1263,18.296516632466865
3522,8.882252884889363
984,18.845494938614156
584,19.721621498675873
1297,17.408671336350785
1552,17.278517553180393
2000,18.594637504851352
2626,17.117461362365535
1803,16.865150687458982
25,20.42889477768611
2838,16.91467588581532
1010,18.26300768950765
209,20.839934471443975
1064,18.894321619141916
2850,17.761970013037892
3683,16.536806051605975
1607,17.942999960628313
1892,16.908563625047098
284,20.024924898144217
2647,17.363461816143673
301,20.43399177528534
3357,17.761970013037892
2722,17.761970013037892
1001,19.37301711144392
3087,12.875592895458963
310,19.152784545103913
1294,17.578151100860566
819,18.54307761724923
3747,14.331745723738806
2859,17.043316113842838
2376,17.761970013037892
3840,17.761970013037892
3632,15.211206336935916
3505,17.03676918171107
1780,14.156419366999064
2747,17.634420715684733
2449,17.051608900192058
3179,12.851659030936837
2303,18.290048516113917
3784,17.761970013037892
1188,15.594361232731508
280,18.087512525048243
2271,17.761970013037892
468,19.939666418053665
3240,16.118095750958314
1854,17.472599919358508
28,20.865897133567135
1433,18.23661566009807
1377,17.789416442682565
121,20.644566249133433
2661,17.093692903393823
3558,17.761970013037892
3754,16.52356082573315
2807,17.761970013037892
3789,16.031666031987402
3903,17.761970013037892
2399,16.317440567964468
841,18.568429627367117
3126,17.007316271229797
22,20.826328627454465
1589,17.761970013037892
3409,15.059253828147932
705,17.58892955535246
6,19.86846579644804
3588,15.981129910564055
3031,17.761970013037892
2489,16.52409341717896
3128,16.17083268265543
2353,17.561369433511086
1700,20.134456109294018
3336,16.454567959008102
941,17.57608245311281
3370,16.82400978601961
61,20.22735602727465
32,20.30016293085726
3456,17.761970013037892
3300,17.44781024255605
622,18.354722655706016
1859,17.104970318571805
232,19.57756238728523
3161,15.733689880155415
3391,16.119437250610915
2893,17.761970013037892
2587,16.804750199927184
3589,17.761970013037892
3772,14.721347236138207
624,18.99753993197182
805,19.579142213468103
3794,17.761970013037892
1480,18.642441876165456
3674,17.761970013037892
3380,17.761970013037892
1585,17.536283974060265
2923,16.6951342057549
1502,19.685507971453088
751,19.40293060991551
2864,16.46480113456092
2178,17.482753624470845
2835,17.220964334976603
3864,17.761970013037892
250,20.639708950690668
3843,16.01455325928874
2276,16.790968131813436
1931,17.723525562075203
2739,17.761970013037892
2598,17.761970013037892
2936,17.761970013037892
2125,17.761970013037892
3526,17.761970013037892
3194,17.761970013037892
2186,18.575117105825765
505,19.30852453927317
265,18.241050039565614
652,19.75964728253492
3048,17.761970013037892
2232,16.66147061056811
2428,17.637828962930126
2663,17.455866457365318
375,19.22182815754855
3576,14.924667720181958
2219,17.490859866075887
664,19.78442575112384
1910,14.418024902870975
1611,18.718917088610393
2116,18.36871106297223
1110,19.117842530188177
2014,17.564717907522787
1623,18.861927015713892
3022,16.061620321410224
3272,16.933168828800678
869,18.398814807296677
2585,17.761970013037892
1525,17.51798322925938
168,19.665512103090222
3511,17.761970013037892
543,18.97788649866075
1669,17.761970013037892
2867,16.22523468411587
2461,15.560914347259937
2770,16.33309645994643
1740,18.596388729214706
2924,17.538791462950133
1706,17.505775052466788
2411,15.301102819170872
3015,17.761970013037892
3288,17.761970013037892
2170,10.411689738095404
207,18.633585569951723
1149,17.97940453455238
1504,18.600952526393517
3054,15.553304745170516
1865,18.04509718211479
3190,17.761970013037892
2494,15.940592785600137
1776,18.76427045543464
532,19.346037962739334
2467,17.742422195590603
104,20.105194974399108
2100,18.195258849183674
2097,17.17696681908471
810,18.404653612892243
2354,18.429252094746452
462,19.035463528934805
1406,18.448546823084033
2744,16.978873715185514
2827,17.394628213859313
2817,18.656120537662822
2522,15.594929360093731
3428,17.761970013037892
1296,18.50000723520414
3830,17.761970013037892
3230,17.761970013037892
2416,17.41101230384733
216,20.093432688142816
3738,17.761970013037892
2284,12.83192551123875
2061,18.523270517647394
1175,17.534072593066618
1617,18.909053240308054
497,17.78933697251896
1018,18.774151020425187
2669,16.38055667997474
1194,16.062078902817067
889,19.865736460320463
3055,16.716789229746205
1376,18.04812072621718
3069,16.532473852504896
775,18.91336276959192
2711,17.48775689557179
177,18.095755363059983
3427,14.521198276249768
159,19.951038976519428
2049,16.48490682926117
2805,9.607168286688683
494,19.923025409305108
571,18.4319575214188
1465,19.150717682715072
3845,15.74587202172571
875,18.72322815030183
2551,17.34873012313425
838,15.4982457711897
823,15.487267467714272
164,19.620645529892812
3476,16.843682141305834
2710,18.24348815150459
3612,15.424948670398354
1837,17.933880567181834
678,18.84558672111963
1446,18.265574963161356
3259,17.761970013037892
3209,17.35389384222069
1269,18.648502415777543
1823,17.000206240629918
2658,17.763724306202885
3481,16.83104550783405
1036,12.512976294147675
1952,17.617567413620975
3038,17.761970013037892
1127,15.201805169084134
2696,17.02309147484047
1453,17.761970013037892
583,18.6130712549265
920,18.389976877675156
1626,18.13168233884811
1463,18.77708160133281
2281,17.21837418400326
2782,15.990482823308668
2070,18.30926596036646
2123,16.647220419415557
1673,18.666811063487497
2753,17.761970013037892
797,18.47111827427828
2146,12.672893088810888
881,17.600387387527693
748,19.24405432604051
1610,18.15501853825005
3265,17.761970013037892
2609,2.70805020110221
3636,11.243515437305897
2560,17.589313826207274
89,20.63999291883943
829,19.752736456331352
2605,17.761970013037892
2121,18.10293406656242
684,18.405060002967943
354,20.198576859429263
3841,17.761970013037892
3870,17.761970013037892
376,18.498984494361917
1399,17.18043813758244
2056,18.498599206244183
3444,15.285864548115637
3249,17.761970013037892
849,17.134604716102977
839,17.9773325684438
1256,19.666085792078583
3067,17.47375769682771
1870,17.82290075975309
1744,17.620110054560083
242,19.734071773585985
840,16.945056553034235
1098,16.543683008480688
2347,16.784801674865335
599,17.761970013037892
3319,14.539219435756674
2019,18.91375187332531
3397,17.761970013037892
3036,16.106020235711938
1828,14.56813440757729
53,20.148463768714823
1739,18.91847016648098
3329,14.498778600136808
2596,12.597273163069069
3494,16.079650724804473
1555,18.122386130501337
5,20.330401037475912
1917,15.962027517324245
356,18.67565524819815
1062,18.273031116417062
993,18.951309000896888
1997,18.630813046901476
3050,16.263131228460505
2932,17.421008430313073
2987,17.761970013037892
934,18.93782025908915
2820,15.544477358944098
2662,16.349207451286784
1170,17.819879991985392
352,19.844956865944873
3724,14.8958234289503
1493,18.10931893311324
2966,15.79874539307974
1558,18.333345536353445
3162,16.589186439032684
2150,16.224781787592285
1942,16.98533516259087
1761,17.761970013037892
2736,17.18376851116863
803,19.324835244793366
2727,14.731801689838347
1238,16.213405921671733
844,19.531842741238037
3053,15.793749732447523
2239,17.489821098975163
1497,17.483450579363534
2952,15.306177546941482
1415,19.356774934494904
2435,16.514689189474435
3556,15.004381501060564
226,17.66217112959868
3762,12.310437165348777
1946,14.71194423706121
1353,18.633605678587983
1625,18.351919120725473
2456,14.776688227272162
3021,16.756198933454446
665,17.860247964870545
2909,17.809100554908696
1563,18.17151049242349
1195,17.688078821256493
2845,16.408407113532103
2287,17.539046696069704
924,18.994959249763006
3818,2.0794415416798357
2371,16.993869550078966
3533,17.761970013037892
3867,17.761970013037892
150,19.737257502281004
3544,12.755912230308464
2764,10.64889505975716
3872,15.46416937585933
946,18.42033822529955
544,18.490369078881876
1678,17.965110293456913
1553,17.761970013037892
3765,13.997832948091215
732,19.09565079697528
1317,18.15265605949188
294,18.29677684648253
1788,17.932913112960577
2314,17.728367875257465
1994,18.80111525069172
2532,16.768857219351503
2164,14.742901454428848
1540,16.786132181562447
2922,17.761970013037892
767,18.958248764893437
1329,19.07536165829236
648,19.433348181235623
1979,14.914123179965662
1448,18.309970097389243
1428,17.724139971668198
3667,13.242289891945376
3634,11.048553945576122
782,18.463588775583503
2894,17.761970013037892
1998,14.676486446166448
656,19.28865111788086
1845,16.803461636388263
2872,16.160168830420147
3821,13.33593001613609
1682,18.334612954371355
3066,17.761970013037892
2318,16.077273760604726
1236,17.827340562785707
3604,17.804494623047066
3390,12.934599035491686
3207,17.761970013037892
8,20.353955245531218
1402,17.322074415266496
3500,17.761970013037892
992,18.700389753342996
1863,16.98055842626945
3705,17.761970013037892
2543,16.331315242271646
1182,16.32360885706226
397,19.24987650261555
3861,15.832927349668042
3263,17.216707972959764
2524,18.496525393636873
1935,16.528317096405797
3817,17.761970013037892
128,20.251216627327
240,18.237457504764997
1753,17.761970013037892
2900,17.761970013037892
1346,17.755469009869756
3100,16.927091107845406
1069,17.82488451395229
3827,14.566924288154848
215,19.230737138497716
3617,14.536853476292997
1766,15.267124619396816
1337,18.497125327673245
1136,19.483036278597357
2729,17.761970013037892
3436,17.761970013037892
2053,15.226497775576943
817,18.820914566046213
193,20.42026665691664
3419,17.761970013037892
3271,11.502885230075814
1976,17.918614544171575
2914,17.543718267525534
3732,4.532599493153256
86,20.76796555425219
1989,18.664931295028406
2571,18.64963346134075
2026,18.42144388268791
1896,17.917531382155286
861,18.351144206848897
2723,17.761970013037892
3168,10.947749246454157
119,19.424040235503067
1464,17.182806422433504
1223,18.36815395227763
2552,17.761970013037892
2497,17.909855136853043
3615,17.761970013037892
2110,17.382923459972282
1710,17.89629913493371
3114,16.014067691497427
2306,16.665424838229164
2202,17.08100539174919
2982,17.761970013037892
3261,17.761970013037892
3759,17.761970013037892
2866,18.35638243929384
1802,18.436208915431457
2397,17.194157887613006
1606,3.8501476017100584
1040,17.578079480600074
3219,15.446479211488544
3776,16.872739214417035
1258,15.642039019199505
287,19.84188739161665
3690,17.761970013037892
3858,15.733023731025044
1230,18.064975472586333
382,18.76251442516633
266,17.92182873285675
1646,17.74839030158511
26,19.740350874353872
2809,17.761970013037892
2074,17.761970013037892
3601,17.761970013037892
3145,13.42234796265409
3170,16.331544601117734
3447,17.761970013037892
519,18.70451078434566
2375,16.924578436444186
3131,15.343219625327135
267,19.31483867851164
559,18.32158304253502
1775,14.378100775039028
3382,16.822038399117595
2498,17.761970013037892
712,18.43755812630017
932,18.462818851216166
2191,18.04521275463237
3034,15.801033101697405
2734,16.781453193636224
3337,17.152030777767568
2068,17.330533317037673
1675,18.73429483378572
1853,17.975776325600318
371,18.57768450130904
2503,16.6453532866971
3850,11.856430059355572
3684,17.761970013037892
567,18.69786095438562
925,19.740064995273453
1113,19.20281446582997
457,19.542168290757132
669,19.809792731831152
1002,19.42700445750065
1549,18.16599885929209
655,18.86860100185642
1590,19.60914442212076
1379,18.258161826219297
708,18.80551387574951
424,18.40391392312911
1927,16.759934747547664
3252,17.761970013037892
660,18.3595819428557
1467,18.76565713892476
514,19.38124831596888
484,19.236005640510697
3675,16.213405921671733
2505,17.730711408689118
741,17.483875623540083
2945,15.655133095074108
2480,18.54563572406552
2750,16.35188220406487
56,20.10411233815215
372,18.318067839041525
1725,18.34664603373031
3711,14.028697506405647
2270,17.761970013037892
2142,18.324990773036525
2581,17.469526247624255
3562,2.4849066497880004
1635,17.263284067323376
3335,17.761970013037892
701,18.832541860585877
1411,16.67341657199967
46,19.501821951556725
3471,17.761970013037892
2075,16.644650026812776
1522,18.04015043861636
2716,17.761970013037892
1413,17.867128100451744
2994,15.254662040057267
3040,17.761970013037892
1132,17.294871621497727
1057,18.72816545105327
1023,18.204747820961057
989,19.04918016540849
638,18.16292416378467
1918,16.948350297364144
3611,16.54790039880016
2460,12.664993208870555
1546,16.855664802340982
3071,17.761970013037892
3012,16.458597543314475
217,19.629346532978907
3076,16.621865118504427
3411,15.937179945492131
2305,16.914176605017776
409,19.496805656208448
2241,15.17592284937006
1550,13.25830935257674
426,19.28082711613042
1310,16.552935401956915
2165,17.571874860402925
2400,19.12171743035329
1577,18.01752851407806
2413,18.8149935355119
2875,16.22585546599403
237,18.56567445498867
3473,12.781812032521616
2935,17.761970013037892
1639,17.91467536743917
3350,16.625260421972424
2765,18.07377711908843
1285,18.09465826196635
2550,17.72188990788566
586,15.494408486089814
3590,13.4139533042371
3893,10.610118418254732
3904,17.761970013037892
2297,16.410462233937263
3085,10.381335335804913
3677,17.761970013037892
620,18.153928989511897
1291,18.55896430710677
3221,17.07086186975954
1121,18.238199186358965
2133,14.930368829764085
100,20.1658725791102
3223,17.761970013037892
873,19.55417932083949
3641,15.894952224644102
3742,13.86064356669511
641,18.110434906971
3795,16.316946591670696
2183,18.09909713361801
2832,17.536360781826854
3492,16.024808952534
788,18.762821129082944
93,20.678289170592233
3895,17.761970013037892
3844,17.761970013037892
3878,17.761970013037892
2445,16.411657255039344
2879,17.761970013037892
3395,17.761970013037892
3028,15.805304705958678
1335,18.831575756742744
3121,17.761970013037892
1439,18.15382877076661
2269,16.87890152672105
3837,17.761970013037892
916,16.819151922041353
1919,17.867366285871302
1255,17.73381660369087
393,18.24283687931537
2005,18.291028025251787
77,19.73857322141759
1128,18.43290366872448
750,15.920039268533248
742,17.543520625018743
3600,14.734376770439196
2243,15.894952224644102
1586,17.976122286979745
3523,17.761970013037892
49,20.2957168307414
183,19.78834418735622
3717,17.761970013037892
3651,17.761970013037892
1644,18.0248613708078
2546,16.64824749443877
633,19.66217986714061
3171,17.990980518461935
1484,17.750548809013438
978,16.951004817371683
3029,17.761970013037892
781,18.6231706536404
3552,15.802312550528915
3472,17.358606178205207
2080,17.379236880740756
2233,18.05577151976017
799,17.68934112937889
1777,17.67701807170107
3122,17.761970013037892
2466,17.046435065061164
796,17.73845585737991
2058,16.775615705688583
2139,18.371764800373036
2197,18.582928938804823
845,18.41271123158229
3777,17.761970013037892
1085,18.863577356559844
1634,16.71213660583997
1390,18.67532297007788
2656,16.677711496036597
3521,16.300417291085605
2958,16.95726772927616
2490,17.036464262544413
1829,16.795262066593107
2549,17.761970013037892
3075,17.206657637442962
2574,15.239156338118397
66,19.268931189058076
1321,17.540775170381426
1146,18.711248987402776
2726,15.965687435491247
2980,17.761970013037892
383,18.829365769225493
1287,15.625227980266509
206,19.691274093623488
998,17.916960483863072
3120,17.761970013037892
3740,14.778685257416596
2547,16.516832709750126
2645,18.37363523598485
2421,17.462955798940374
625,16.817092687696285
820,17.602129806159788
3659,17.761970013037892
2951,17.672051973485328
1290,19.72561331633536
3286,17.761970013037892
2073,19.028334151742275
1507,18.005195678317154
509,19.620423056352895
2017,18.915376991886035
179,19.978759599836632
3876,17.761970013037892
3032,17.761970013037892
2755,17.77207635834142
3393,15.86963441986494
1320,18.22429943036885
57,18.65612296364522
182,20.607710897613856
3301,2.6390573296152584
1603,18.95044250207087
3118,17.761970013037892
2905,17.909855136853043
681,18.1833729010107
3824,14.583160668386162
542,19.195281378154103
461,18.97207760312117
1137,17.57907056134979
1714,13.670091645060465
611,19.400753603470644
1280,16.65435823460973
334,20.3805324886088
1663,18.712019749167283
2788,16.666057798231698
3803,16.630919337267223
2486,17.761970013037892
703,17.84636284265615
3543,14.035562936523052
2863,17.486735102284783
1679,17.609525402397228
2020,18.158444743258723
662,18.802520778114623
2840,15.95018598220563
498,19.674723310555624
1307,19.83412017378586
1273,18.838282161557444
3001,16.88452674994725
2313,13.9689892978047
2258,15.051811336542082
2204,18.261453461623255
630,18.227026684225343
2159,18.78532386448472
288,19.40708468323609
1812,17.10720466941345
2358,14.205981818041623
123,19.96262162343216
2618,17.289197300153884
3058,15.718568229844903
432,19.90524940117656
3165,17.891352191915384
309,19.69709216755181
3348,16.719862798559333
172,17.60009500029907
1251,17.987167905008995
1781,17.761970013037892
780,17.17878147124361
826,18.841125632812123
3478,17.761970013037892
1974,17.761970013037892
3901,17.761970013037892
2906,17.22051694282116
985,18.82127400385676
1523,18.27435769149127
657,18.242981157378797
1554,17.7448058155173
3457,15.392982974391323
2062,13.91506897394862
2046,17.126414455137024
714,18.95787755120781
2300,17.85628581660118
2122,17.831813647594327
1996,17.761970013037892
2453,17.761970013037892
3811,17.761970013037892
2484,17.772935154733055
256,19.9855553405938
2252,17.20131646288431
1417,18.9621025404429
37,20.43853388593729
3042,11.461642696843066
1135,17.761970013037892
1527,18.749984498289212
3660,17.761970013037892
2469,18.126869365624614
2153,17.628817612528316
3722,15.4675287262708
1975,17.62741581372119
1125,17.513007450073736
1574,18.8411396018843
2995,15.672627900069568
2448,18.46301280414933
689,18.730130254841168
2752,18.523954710279376
1597,18.34802226231797
317,19.542610052362217
739,17.69559003835841
364,18.076879350557753
3504,17.314516480773865
1156,19.224417594281547
1203,18.13972078736932
1948,18.142295310195728
1193,17.13343755638563
3534,17.761970013037892
2540,17.761970013037892
2989,4.6443908991413725
3739,17.761970013037892
3709,17.761970013037892
3361,14.71222940391941
1972,17.153756496192294
1902,18.328443802908396
3582,17.761970013037892
3664,17.32406648788705
842,19.187516687024235
3278,17.761970013037892
2193,18.67143328329213
723,17.489469680456413
531,17.761970013037892
883,18.70910896546569
355,17.281246492014
2350,17.729531586015174
1992,18.503267698437185
1013,19.17621308038469
1833,18.602508979083197
1696,17.876959407312786
2889,17.761970013037892
3578,16.846583527129358
2396,18.399647732844365
2742,17.176545311010024
3825,17.761970013037892
1655,18.38628286222875
2916,16.90813507737768
2509,17.761970013037892
1503,17.34416025454347
3570,16.276687539715276
1341,16.686524659549985
1619,18.14427650367213
2201,17.761970013037892
3025,17.288436425904866
194,19.471994209349184
2741,16.407054657782275
1349,17.8220459887116
1154,18.962792145839416
3014,17.380053162649663
3587,14.603968372873895
938,18.892303811200243
2915,16.362155092014994
3020,17.727684492002126
1282,17.78252531504748
303,18.708461614023506
2515,17.761970013037892
2066,18.204362186789716
59,19.727202096859884
419,19.734243302485748
1571,18.108442610919894
2433,17.761970013037892
2630,17.761970013037892
2533,15.732433317205148
33,20.41551585489421
623,19.28442392149952
1789,17.07732529031056
2051,17.761970013037892
644,16.95790724476241
568,16.792557390936548
1707,18.908928771153903
321,19.78084141562924
2457,17.761970013037892
1665,17.214120361398233
415,18.2825726082847
1891,17.55976241806633
2035,17.369205510965323
1009,18.7525182137588
1241,17.77258344618412
3333,17.761970013037892
1038,16.68871784556585
1278,18.04622176883788
3000,16.0663189766036
1815,18.89692547568809
1300,13.112926994457307
3307,17.761970013037892
438,18.000050377412492
2275,17.761970013037892
1324,18.186401495265606
346,20.114960420300196
628,19.187467450891013
2824,13.88559896246906
1410,12.139467991409113
262,19.43035396246004
1015,18.54537406184998
1102,17.230320993456615
3239,16.897434426745296
3446,9.92235837328638
537,18.627004528734613
1840,17.761970013037892
2223,18.26960511297908
3666,17.761970013037892
1649,17.761970013037892
2883,16.88406810994344
1915,17.500541240048012
3769,2.5649493574615367
2176,17.889581236866515
1938,16.62690139614236
2295,17.56184684527556
3227,17.761970013037892
1970,17.04587505458478
2361,18.433922316090445
3220,16.547856414831138
1810,18.300941717843283
1955,18.877603781561643
2079,14.500959684390562
3346,15.352803063460756
1066,18.993756634046676
1243,17.73241564660661
2804,17.223322879257925
1437,18.778701708598643
737,17.970982815440145
2843,17.534862207728573
2238,17.325979895617994
1288,17.23081125206297
1153,16.842999604800244
2429,12.855651877386176
445,20.43904558945805
1742,18.99758388649131
3018,16.64454601030164
2783,18.041048222807053
2002,17.36670689869001
2529,16.58422089397781
850,19.130627724301913
2953,12.061434081742114
2024,17.23441733188234
2957,17.066658471654346
1141,19.172149246357
696,20.040068989219833
2427,16.990972323479554
1198,18.9020833881125
940,18.58381233723335
455,20.118840098048352
2392,16.494329937699998
880,19.256565669574005
2760,16.080133417587064
3491,17.761970013037892
1711,18.02318382037433
1914,18.152984955133523
1718,18.811675215602623
1690,17.38840441630846
757,18.44849053212324
467,19.296279035413768
1277,15.61373955459671
1797,17.37250574790681
219,19.026724485103248
1347,19.063657452155688
2956,18.06164323993655
1930,19.205055490871025
94,20.28409616241487
3628,14.375247481419636
886,19.12177778546214
987,18.935288364942355
47,20.07185900221305
3900,17.761970013037892
1729,17.125643560307957
2131,17.507025112150426
659,19.76702671062315
2978,17.761970013037892
2130,17.64566318153949
2302,16.167070464745628
2702,17.454630698435103
2190,17.832514214911
3180,8.764053269347762
1524,18.48244967080199
2438,17.281246492014
1511,18.044870001480582
1187,18.045687016704814
369,20.49881914441239
3455,17.400081997901886
1601,15.950795781547102
716,18.59116485549565
1967,17.37364946427799
3338,14.380399845099474
3417,12.624381584050152
3452,16.55462871322733
1426,15.240948465798654
812,18.43679859077572
1041,17.981544838577157
3247,10.33870561879364
300,19.94171655278473
822,18.42206830084989
1822,18.10974434674486
3305,14.333634484211377
68,20.438380157606986
348,20.11356667448038
1232,18.73766787286272
786,18.443153606915537
1383,17.81529871455624
2430,16.689592351932266
190,19.534687865074936
3555,17.761970013037892
3886,17.761970013037892
969,17.415743043692466
38,19.78677417071235
834,18.09034622494693
1596,19.414851975612443
1743,17.789722720684708
1612,18.427200941192112
2081,16.848857303433423
268,19.560349956342705
1941,17.53323946084631
274,19.15858292501492
2855,16.12285182242179
3392,15.424948670398354
1340,16.710014876169353
1746,17.77256040752867
1490,15.016779008820532
3726,17.761970013037892
3783,12.415421485822192
3345,12.5232965297879
1118,19.589227991759024
1633,17.034386422832473
832,18.73976746741624
825,18.62144756933934
1279,18.093683998733237
1129,17.67378863462478
2970,17.796824617085306
1314,16.390398593507353
2749,16.63920289722899
298,19.4379851379909
2714,15.035455427046395
3169,15.503898273376777
2619,16.325082909411446
3244,17.543391638733798
2856,16.388250489940827
2589,16.579409571308034
2602,17.9514599761906
642,16.06049545719505
3516,14.89570188439728
1784,18.38919008718091
23,21.33576364489052
289,19.278749462682956
2979,13.672794255762678
1689,17.51644308112212
1084,17.0635185309633
1668,18.7692386890074
736,17.475719538905537
1458,18.493905582687113
2475,17.024282348567542
1325,19.351369043639632
1283,18.388157562577383
2370,16.86140139233913
2040,16.188109374531756
1404,18.402369949919375
1936,18.66278138872916
776,18.74660155238331
1964,17.761970013037892
2816,17.761970013037892
1786,18.986587246643023
3672,14.508658238524095
2580,17.4027175482998
1642,17.4779330683456
878,19.328939308161516
3262,18.12776595133571
1735,17.745515612873444
2106,18.029590382341286
1382,17.761970013037892
2332,18.09795709092849
3676,17.761970013037892
221,19.977080276011176
149,17.49744336489725
707,19.080042578153495
2390,18.26477882660341
3488,16.118095750958314
115,20.44690580890392
3652,17.761970013037892
2992,17.761970013037892
3193,17.118263305883236
2811,18.23801109858261
2030,18.458856777001973
3006,17.761970013037892
798,19.47706233106043
1068,17.580553791040852
3279,16.25490445449953
2628,16.993564429978885
3461,14.480078206640904
13,20.91837198398605
140,18.176967083653235
2670,17.27808525065028
2878,16.380459992348886
779,17.978112358939683
3285,16.964905749551935
3331,17.761970013037892
3373,13.302425717422176
1588,18.19211838739628
3887,17.761970013037892
610,18.510737594609065
2240,16.471354837835396
855,19.65439849241767
2908,18.481493319869028
1631,18.29039203101183
720,19.094209592332746
2767,16.49781400439686
2969,17.45535151582692
1988,17.42624383194221
158,19.391157270698248
3585,17.761970013037892
859,17.761970013037892
2495,17.175200154449954
88,19.73047535142669
959,18.553274569698388
2060,17.761970013037892
1148,18.923473274649695
2285,18.457386055749968
635,17.648850507639814
646,18.75575449600687
983,17.37904754137928
2717,16.454567959008102
1228,17.287602189014883
2660,17.212788468525066
3820,13.184073527468785
3243,17.761970013037892
3198,15.732433317205148
3258,16.135771704974037
167,19.67946643368249
1120,18.315321328293933
2604,16.873490370985255
2880,17.761970013037892
918,19.02688339983347
208,18.97411722207437
634,19.62982800366314
1661,17.761970013037892
18,20.74414980976988
3147,17.357113790589977
395,18.872442471835335
1515,17.848381905083148
2128,16.455341374075996
2607,16.16142416553095
90,20.1877188273011
674,18.953852393127775
2033,18.279872251634806
1303,19.252442883266216
345,19.69880977626769
2537,17.761970013037892
451,17.530002762187795
3255,17.761970013037892
2762,17.761970013037892
1309,18.786825985725063
2406,17.467083238174133
3302,17.154832571369333
2184,18.38059293818291
3008,16.642824239064897
170,19.676411931495274
3862,17.761970013037892
196,19.26364406234222
1214,17.761970013037892
357,19.31891808971552
958,19.109819908134853
3508,17.761970013037892
142,19.50701640897853
3387,17.761970013037892
1505,19.26214631239876
1882,18.066858883241053
3281,17.761970013037892
2356,16.85599944327004
2001,17.488353003930516
1750,18.01223619672028
693,19.18197533669925
315,19.312035658464264
2488,16.535443413199076
1389,18.34136341895852
2012,18.168952117045908
1901,17.823595605931654
392,18.459051769300107
663,18.911974484327736
113,19.77051972705288
2526,14.847766140264016
3195,16.828206235954667
3731,17.761970013037892
236,19.96645589672451
2149,16.645884521851954
3770,14.646563176051504
1207,18.617047569219704
595,18.859000401820943
3222,17.761970013037892
731,18.67837903197046
1629,17.916145047056144
166,20.02483848076224
3156,17.761970013037892
144,19.121723318695956
1237,18.62372817818648
1674,15.548808470512812
360,15.607270193858982
1384,18.31564969623624
837,17.597075226947357
3875,14.32996817803923
3372,17.761970013037892
2521,17.761970013037892
2171,18.85853353597199
3351,17.761970013037892
3005,16.380459992348886
3318,17.11333862539576
1782,16.898307702910376
2904,17.761970013037892
1858,18.420680753952364
2676,15.131314587677831
1567,19.098775112263517
2642,14.945238365364409
2473,16.774128175069848
312,18.85222263794821
2886,17.463567027974133
2317,17.290176624146017
1304,17.64746821046248
1042,18.758402249911587
1014,18.29351518349794
1771,16.17059331480173
3595,17.761970013037892
3575,13.610534719770731
3466,9.607370001263243
3353,12.666660207428574
258,20.25170799573874
429,18.255639990268435
2846,16.750150153305523
2977,17.391873648748355
1749,18.7353661839719
2245,17.375674632395267
3715,17.761970013037892
1529,18.34317768114903
3865,14.544990149931571
1732,18.35075589187782
1487,17.761970013037892
1864,18.248073842717584
3597,15.87072664354415
740,19.71236129999276
1151,16.504160042993167
1702,17.761970013037892
3398,17.13027047064736
2308,17.03532334374747
2224,17.367195747894154
2699,2.5649493574615367
2290,17.49078356276184
1334,18.251798635835605
2327,17.761970013037892
2516,16.678391607526606
2277,17.761970013037892
1737,18.28141868811311
39,20.56966137874629
3096,13.18019256622443
910,19.555110805282578
2634,18.572543101852677
2657,17.427401105553844
1916,16.951302555638996
2320,17.254271158099154
3011,17.761970013037892
1103,17.925824511318414
3512,17.761970013037892
994,18.972546670567613
589,18.733782454891035
1157,18.402108991618697
2135,17.541493292745052
1973,15.48941080113353
528,19.171062453510984
813,18.08606980404321
3293,12.853633897869235
3196,17.761970013037892
3649,16.012735246411598
3670,15.333303904016669
1542,18.396101135226814
1591,18.991014087443567
2280,18.05405971558002
1993,15.341793792230328
2993,17.468098442791344
2821,17.761970013037892
2127,18.952064362593777
517,19.41921553720361
2715,15.929234920294205
1880,17.264443261931465
2077,16.478172940349943
1530,15.274125813221904
41,20.557711072195744
3833,17.761970013037892
52,20.432730064563454
617,18.645526086398274
489,19.575594698816207
62,20.077056973611956
2344,17.01575444121633
447,19.584362690804788
903,19.478221684097427
2112,17.22841359368449
3124,16.757231425356963
3152,13.68346720052319
526,17.59808372701597
199,17.471278269111156
2211,17.312436395577453
2595,16.30342517926658
3304,17.761970013037892
148,20.38036668527991
1960,18.72078534381011
2921,14.895535500582715
3643,17.426428497635523
396,19.89085659135181
3906,8.11102783819368
3462,17.442514634955867
598,18.821438804607354
3554,13.520893829603953
2324,16.511600114886868
1791,17.55994699152856
1488,18.07923120307771
3430,16.12182777790048
1392,19.321789263076433
1469,18.67950413152324
3429,16.5516422894493
2485,15.502927696711708
3324,15.317035811903898
335,19.376561305463316
1019,17.761970013037892
1201,15.19293646029631
3260,17.19600582191001
1336,17.29847592737878
3540,17.761970013037892
995,18.305967325945417
933,18.765834324141753
2861,16.64120582965057
612,19.63419531548269
3334,16.19762902894551
2822,17.761970013037892
2559,17.653726170675558
3550,15.171086399630498
3884,17.761970013037892
17,19.18115363439065
552,19.186148590743095
1449,18.337025391027108
1315,13.385378199444116
639,19.64588942151606
556,19.275051751977376
2244,17.762923641329657
673,18.149796199770982
2925,15.605542035073528
3680,11.62385842567653
440,18.886772412698615
915,17.075493124008553
1029,16.30684997308081
3191,16.972832969823006
313,19.969633776930618
3548,15.702580358511794
1438,18.42197863133204
816,17.57509222514142
548,18.468291489070975
1519,18.968880241898542
3256,12.68216085114003
2172,17.549930305896922
518,18.88106508710607
3368,17.761970013037892
2293,17.208743373170762
80,19.683745113210374
264,18.506686645621063
3718,13.649107624892252
2254,16.729598896731225
1462,18.341431108380664
1818,16.04013421759671
1363,19.123568773029547
1966,17.740881107276284
2898,13.86790279828948
2009,16.91660725216847
3103,17.448445840159838
1984,15.087018451729053
403,19.52932747214763
1197,18.13898654833027
189,19.82607049704236
81,20.263516798004815
2831,17.761970013037892
3097,16.038778704856128
1177,18.39471767141942
1311,12.959281936785658
3437,17.761970013037892
1703,18.27406264123244
3483,17.761970013037892
1508,17.26723804952944
1327,18.952888634961457
3678,13.035133067359698
3325,16.431366081042533
1907,12.341892043672656
2374,18.102938023755648
1364,19.12390751928777
3881,13.647315549968264
2092,17.82570401236043
145,19.998440601254018
1104,18.3963280188437
671,20.2287098715911
725,18.83067468141406
1541,17.94840094219031
3627,12.61886087401812
745,17.9659969563752
937,17.899626889722686
2787,16.119826452257225
3781,13.178692669840324
2148,19.584286743893298
1628,18.098220045652603
3679,17.761970013037892
1418,18.498078097297885
1559,18.208928230224306
1420,14.985249927961366
591,18.16202285836889
2795,18.420680753952364
1181,17.509452700019416
30,20.699460270589174
508,18.39031587222409
1401,19.601661151351784
1893,17.08463533007934
2043,17.821513531584714
3773,13.816947525032392
2335,18.059710890077955
3009,16.258044706261547
1680,17.251760104648174
3758,14.583088265794304
2209,17.761970013037892
2955,13.31123675738684
1292,17.913553256974637
2625,17.761970013037892
3842,16.096861902096013
1922,16.91611744414433
2525,15.761743797677322
84,19.8619613197282
2292,14.673262017169254
2615,14.69740568510415
155,18.840439621003263
1624,17.243032780382965
1662,18.641674265608383
3873,17.761970013037892
1319,16.850311994726894
977,18.055561259317784
677,18.06147689073069
3757,15.220141766767735
2041,18.313095544408284
1479,16.67819812044506
3344,13.558330532079594
3891,17.761970013037892
1721,17.936493383485693
1247,15.764588541273024
581,19.426225378807437
231,20.810731783770184
1150,17.81222158180688
2554,17.33680884989773
1785,17.889400357295994
1963,16.94457716097712
2828,17.001275497807864
405,19.286441258642544
2010,16.388920103818553
1111,18.47247845709938
3047,16.926084478863633
176,19.046619180166456
192,14.054939184687507
1762,17.2052340994888
3405,17.761970013037892
3644,16.48273883399067
286,19.745475447242203
734,17.761970013037892
710,18.79755107726184
2381,17.516633750664223
1174,18.396093448565946
501,18.23097059058031
3808,15.02376856766872
3460,16.87932330689845
1537,18.003652793092247
444,19.52748941035519
1483,18.569269252114584
384,19.26531709423308
1564,19.041212322066905
2357,18.20917215568155
1688,14.567134172283073
609,18.43429778972702
3309,13.518315379062804
3141,15.955576839107596
402,19.46497446846993
2682,17.115232312452264
1520,17.93095515711656
901,18.384106516963246
3016,17.761970013037892
1872,17.06866548322767
2378,18.066594289838516
2948,15.068273812173889
34,20.25155408088234
1846,17.763959528719727
2328,17.761970013037892
3574,11.642057193250064
935,19.508081861642356
1434,17.783573933565524
3422,17.761970013037892
3741,16.41010646587114
1012,17.45623610045719
255,17.32406648788705
122,19.60792560920004
619,18.65725945397838
2510,9.99884318585288
2384,11.102729182486163
2086,13.223473071106609
2034,16.17533601144055
1000,19.565470300433137
1686,16.866025765026475
2998,17.971269171497806
3804,15.261457539248248
399,19.692162951970808
3654,17.761970013037892
1608,17.588113414599178
614,18.321679840799725
1044,18.812278009836827
562,19.827385189985556
2195,18.00143454634538
1007,18.58184228161053
1772,17.268189779571482
2114,18.428001074831062
550,19.032489091814853
847,19.88386928517694
1026,17.778188654171366
2072,17.419774898119332
1092,19.042155430326808
2501,17.478886520189064
1995,18.8906843794481
1987,17.550688789605395
2431,17.121719668004104
926,19.14667471829307
3149,16.401013693418502
3273,15.042955132394594
3354,15.296885527084354
1210,18.03844810978004
2203,15.07919848828774
1534,19.049289408708074
1602,18.874219543751828
273,18.27864371502934
3442,18.059734376171978
1016,17.983295511224068
3727,17.761970013037892
202,17.677141799346348
2337,17.311438587898426
2865,18.420680753952364
184,18.444313116638213
1738,18.596896087380177
3027,17.761970013037892
3815,10.12667110305036
239,17.845408025980344
2514,15.601761382430572
3236,13.180724734084992
3266,16.79581909487112
963,18.358805350872576
2482,17.955004697199083
1240,16.773326715008597
228,19.906410410289904
1501,18.606795057476084
3592,9.210440366976515
3167,16.26549841472407
3902,17.761970013037892
133,18.863827676603687
2964,13.42498184445951
3839,17.761970013037892
437,18.83357961968312
1431,17.604160344235286
3797,17.761970013037892
318,19.311190348218577
2561,17.761970013037892
2084,17.39244134211186
296,16.6183302472689
3707,17.761970013037892
1862,15.08030203586562
615,18.947346377736228
2440,18.601102438817687
1805,17.761970013037892
2208,18.59579123841905
2367,17.761970013037892
2364,17.444238016056605
3225,17.5139110428745
2296,18.261685024185237
3416,17.182806422433504
2426,18.839536476134583
1657,17.492183666837207
2279,15.320903311501644
766,18.732723217720903
3564,17.008566828481705
3879,17.761970013037892
3750,16.372954202519335
988,19.17926793137699
2774,2.833213344056216
1046,19.02758681261053
2638,16.68172195743102
2325,17.293423518540404
2218,16.629211592578002
577,18.27189405881519
1961,18.352135829260643
314,17.157049049257896
3692,13.67547347774217
2050,16.035417164336046
85,19.013725787096668
1471,16.287856568840738
2636,17.801258187792065
3813,11.85415067401548
141,20.560746908625102
1394,18.11481065441951
553,18.31301204426393
78,20.526896330538627
831,19.02509792426267
2343,16.08763654656639
1637,16.77676193964366
2555,14.954613266187735
3475,17.761970013037892
223,20.263995694777233
3105,17.761970013037892
2091,17.761970013037892
582,18.420680753952364
1798,15.197796395678468
2468,15.396007285392034
1299,15.798934744850484
3774,15.687312888712007
1419,15.260776174843908
1939,16.077273760604726
2217,17.053133315824564
51,19.758597983464
1234,18.32289057852424
3467,13.788679811193267
1011,18.391650278216503
982,18.806490029188055
3486,11.732020833437868
3744,5.318119993844216
588,19.383589499749352
2862,15.894952224644102
1260,17.083177347001588
3127,15.679843215024052
1339,17.305974865396756
2999,17.761970013037892
381,19.259708436293465
3375,13.677718673749569
965,17.776353098559092
365,20.364433350041985
2393,15.258929776805555
329,18.36938746009113
892,18.934830269431377
441,19.279031098450407
247,18.960676750845643
476,18.603606934585105
3063,17.034386422832473
594,19.522138394070804
687,19.12196965052828
388,19.886278943695427
3535,13.390284481692175
3746,12.898249355335674
3238,17.761970013037892
3610,17.761970013037892
755,18.903669753279715
2675,15.986036431298068
546,18.974364750751363
1119,18.564824619446146
3520,17.761970013037892
2814,17.233237274364523
1544,17.74993279697887
1929,17.568875664630763
420,18.38049249648868
2542,15.495380652247706
1115,18.017032619129843
1876,18.88575015745272
3214,16.00022881179052
2700,17.761970013037892
3399,17.761970013037892
3697,14.899347899345166
1883,16.42198381739754
1920,16.28412859905434
2913,17.761970013037892
947,18.324289803336413
3189,17.761970013037892
205,19.054298782126615
2089,16.16653508696315
572,19.01849348491372
3094,16.173663650760066
40,19.923260617778432
2059,17.434816784717363
3298,14.979286484843556
513,19.248089524220735
1388,17.84063583021155
2523,10.702412661625024
900,19.672813639707872
2680,17.270900026784847
3454,17.761970013037892
31,20.587744116361193
683,19.52005302708484
3210,17.761970013037892
2242,17.761970013037892
3150,17.761970013037892
3596,17.761970013037892
547,17.334638164449956
3421,16.10314555307438
3450,16.15731646026544
3706,17.761970013037892
2572,16.270151710026955
1054,17.358224226297313
2408,17.25449929840595
811,18.549204389967976
3577,3.258096538021482
3084,15.87355122583212
20,20.83560204777065
2888,15.92210704405938
770,17.94387228628956
864,18.353745614575473
394,19.998908158506367
2210,14.9000168228362
3614,15.293982242067818
2928,14.03381200519091
24,20.64669511270673
768,19.204931628580656
957,17.01829086211791
1684,18.221918708062333
1814,18.11898415194294
3805,17.761970013037892
647,19.52262082603541
3135,14.702105502214817
1270,19.50064220215159
198,20.038186463928767
3490,11.894118372102673
975,19.4722513434773
1557,16.97590949548232
2877,18.764605002302105
2206,17.598955733023608
2586,16.107884999224613
939,18.870707023138788
1043,17.979888019545687
1575,18.302806951677724
2231,17.034386422832473
1215,15.940294183152911
2391,17.38310091862791
758,19.391859376668226
1620,19.061657182121937
3809,17.761970013037892
2695,12.83399840516289
2544,17.45762594523667
1305,18.8261458587272
19,17.1598366610298
1806,16.803185105058997
3528,17.761970013037892
79,20.78685998699344
1134,18.13600340609419
1360,19.06494596788008
2404,18.420881653768635
3407,17.761970013037892
843,19.173913737668016
3671,14.877212981412168
802,19.170412202178735
1116,17.32953578524846
3408,17.761970013037892
1730,19.078200752050503
3586,17.761970013037892
950,19.17209683735327
485,18.96874233564416
466,18.692107900680593
1760,18.177110404093863
2298,15.823507922589677
320,20.48327622672714
3283,15.501909696719672
3463,16.678806267921093
3874,17.761970013037892
3078,13.34061819832552
3235,16.41091100056984
253,19.41391073894773
2897,17.86883320985095
1697,18.603002309079653
1790,17.6017677802206
139,20.25170383727199
2459,17.761970013037892
110,18.45232566969526
955,18.99312499135126
2207,13.785893264012122
2584,15.625437494813886
2309,16.204626220712008
1971,16.15053844583214
2692,17.761970013037892
3413,17.761970013037892
1881,17.761970013037892
2857,16.479820204133592
1436,18.448825265016193
3529,16.868122284229955
3515,17.761970013037892
351,19.307291206128102
3851,17.761970013037892
1723,19.0687568006314
1200,14.63119080821866
3435,17.761970013037892
3790,17.761970013037892
1144,18.369600205877955
3767,17.761970013037892
3098,17.761970013037892
2105,18.19815906173748
3412,17.761970013037892
2792,17.761970013037892
2274,14.912725871316583
3081,18.139790541114458
2289,15.09821949368767
412,19.72571301467036
1445,18.75830797759336
3254,17.43101410267039
3024,17.072319960289587
3868,17.761970013037892
2064,18.20231688916784
416,19.71842163148081
2592,17.73481455254271
1312,17.54387234965868
3406,17.761970013037892
2282,17.64942068074148
1659,19.55044500522134
3322,13.61698644583162
2248,18.4381128284367
173,19.354638439902896
2693,14.847931404617905
2257,13.367099325969544
2007,15.894952224644102
224,19.052661434349236
2401,15.693169091346896
2841,16.620049698406184
3542,14.32665193187594
2671,17.0480920693441
2362,16.48273883399067
1604,18.263396044879872
2557,18.372660350933085
1466,17.247097820374762
1512,18.2820546812216
3538,17.761970013037892
3539,14.77545677024336
1190,18.12708945978202
127,19.23971390468595
654,16.163308089359315
1983,17.6675497949356
1105,17.734783042305587
1593,16.181261605557264
1722,17.30354706844886
2278,18.5159909328476
2152,18.51474180757216
2812,17.90095355185615
2038,17.416728578392956
1796,18.26499030597238
2286,11.49290641425619
2664,17.761970013037892
3073,17.160137623411405
3624,14.866689112096186
2614,16.769377063289042
3383,17.761970013037892
1991,18.63825024507294
1940,17.554705345918194
2264,17.636215522387506
3401,17.761970013037892
1836,17.91530691544067
3418,14.25309171357271
212,20.521112037673753
3132,16.837358577315488
1536,14.390401090731311
187,19.94534380777439
230,19.86757199003344
2323,17.761970013037892
2228,17.341871111992198
1435,17.216707972959764
1792,17.89055518551908
2565,17.553180200057167
1787,19.401742741127062
790,20.15012024966736
2476,18.824182946821935
2409,19.401210455856138
3327,15.063786905181397
480,17.553180200057167
1034,19.240037657834797
1142,18.48964134825207
91,19.47209161123061
1834,17.46622960260426
931,18.45595398376691
2047,18.061450180054187
1286,17.338605757203467
1375,18.502628515838193
2107,18.561325974374626
1545,18.55748863174935
3737,13.047641986378483
3166,17.411472235693267
1587,16.811242881518265
302,19.69708469770741
337,19.692526366339536
2974,12.932303960437933
2349,17.00140535906508
911,17.45969139858765
2562,15.67497851866072
1117,18.54306907892032
2881,14.235050811502555
784,18.724925103876902
3241,17.356618015956748
1456,18.32030699589704
968,20.019000123951457
102,18.381824565948072
1416,17.7686580593545
3137,15.954857757185309
3056,16.134608854419294
1076,16.759949589762293
2087,17.998095946648732
827,17.92936265492742
3140,15.821453826201733
2667,17.154832571369333
1736,17.674858915375093
1875,17.030487753041818
3853,12.706996407268363
836,18.261759745894384
2465,17.761970013037892
818,17.789223048628738
222,20.326968020027547
1767,17.532947293547736
890,17.74872361992025
607,17.496185522107584
980,18.993033279760272
1855,17.846178005709312
1491,17.596241262130825
3234,14.467417948406204
3545,17.761970013037892
3655,14.172695371897207
436,19.273863210318897
2412,17.761970013037892
592,18.494584876760833
1301,17.02609248333909
2566,17.970978613624098
2044,18.303284218591255
574,18.882363481649868
3549,15.685835028210365
117,20.111343601557156
1481,18.79840749640015
2419,15.05476671883366
557,20.071588426974493
1261,18.17617478251297
3185,16.44272163989704
3703,15.764015907999063
661,19.40443253842639
761,19.041546039430862
1821,18.050423925365973
3819,17.761970013037892
1440,18.468591921926592
2039,18.75715298771643
2766,15.898181006110418
905,18.997668027104037
1008,17.750246696153447
2111,15.517217667461711
3640,17.761970013037892
923,19.392285914366305
2593,14.71397616200072
702,18.73950964105098
570,19.31952475097158
2215,17.150723324509897
2175,17.761970013037892
2141,17.4343817860075
1164,17.81737620523311
241,19.55612926091723
645,17.514932890112895
3832,15.999391616312542
3877,12.99354088050754
1581,18.97433272080923
912,18.891175421364213
341,18.901700818717337
1498,17.952541727235708
3431,16.742001429150072
2083,16.87788984696857
1096,18.144956346026664
2299,18.53274402182613
746,18.674589103970472
12,19.95435444819997
3736,17.761970013037892
807,17.575105711976995
913,18.58416035934364
2530,17.761970013037892
2738,16.150024651767428
2819,16.331783679381708
1756,18.81191537068431
10,18.42918204527112
2373,17.35894267719439
815,18.777936226346036
2674,17.37106376983748
2973,16.842129538112207
763,18.913668637147634
2583,17.818191830719616
1751,16.557641619109905
3639,15.56962942500593
2910,17.761970013037892
789,17.054366014070375
3215,15.698828176926924
1316,19.100281727675338
2920,16.801192546169812
439,18.51097141982577
48,19.94515018034389
295,20.59229662541647
1472,19.193629321534313
3290,17.761970013037892
1583,17.32324597173956
695,19.31301633693556
3086,17.761970013037892
1032,17.761970013037892
3768,15.76142084987672
1613,17.511448095105113
1386,18.734657325760327
879,19.66577381095219
1362,17.668341704680554
1161,18.139722336916783
2640,13.2592272112735
2631,14.680549257757471
1825,18.380961942773837
2446,17.707385650492025
229,20.227530856167757
2786,16.66626850323146
1734,17.771039447456843
3378,13.361533022114346
1691,16.846152051991837
1006,18.60368408494531
2355,16.066253785080306
3130,17.761970013037892
2588,16.02798919825047
1615,17.457295941228956
858,19.36340898860736
281,19.341647756960775
325,19.67795753267319
3689,14.507561137477014
3432,13.47624743042756
506,19.953237614210337
3514,17.826196697575636
3621,14.305218770484345
1951,18.358228226927913
1266,19.057340172787065
2617,16.531306351037035
791,19.70540360756584
668,17.357448649229443
1752,19.269786486278605
1888,18.58905855364331
3092,10.747121566370009
3051,17.761970013037892
374,19.88781099962835
358,19.630102607154413
672,19.659464757689904
1257,17.718573602560923
161,20.21084888268541
3635,13.965666125088646
277,19.480206399544723
1139,17.453096744006448
1676,17.035901154985634
2340,17.84956638257952
235,18.620569490135487
1452,17.128315318248724
1906,17.912541375636046
792,17.65433953654035
3280,17.761970013037892
2291,15.584971076672408
943,18.34717598060086
1451,18.90827664278587
636,16.83185709013693
765,19.725970454254732
2330,17.296240086216603
1474,16.503949509456426
1899,18.74463975137178
3896,17.761970013037892
2986,17.761970013037892
1245,18.673533346414363
3134,16.670837985024534
3242,16.74155057265983
1873,18.870767046074143
1233,18.623538506946904
3662,15.287524023949732
1430,17.612070679102047
1695,18.82794521889528
1020,18.324341183517543
1566,17.833402439813014
1357,15.588334883523403
2621,17.761970013037892
2119,16.82493925580547
1168,17.396977781981928
1959,18.584146483583933
211,20.491220980047075
1343,18.819608872490072
7,20.466214652041472
0,20.531539511633092
3810,14.647329521674292
398,19.04002077403029
2950,16.540090126591462
1726,17.87524119414266
3267,13.656365929105448
3857,17.761970013037892
2799,16.18274922797671
512,17.682565276536792
1648,18.51145614809536
1672,18.036579484975572
1795,18.857320946103965
516,15.43072157392153
3003,16.97521913852535
724,18.084386005577407
2985,16.833751451175235
3364,17.229953199271186
3061,14.862528805270609
1227,18.16885334126544
3907,17.761970013037892
616,18.440483381052463
2379,18.048397318976686
99,20.1242796597768
953,19.519744157515003
2042,18.83963041201018
1281,19.02116424513435
324,20.13231338683012
2517,16.9033852264587
471,19.14030790466284
2003,15.78641209030456
